timestamp,categoria,documento,chunks,tokens,custo_usd,status
2026-02-28T01:14:37.052151,administrativo,agencia_nacional_de_saude_suplementar_ans_lei_9961,17,8204,0.000164,success
2026-02-28T01:14:38.078197,administrativo,agencias_reguladoras_lei_9986,12,5609,0.000112,success
2026-02-28T01:14:39.128091,administrativo,agu_lc_73_de_1993,18,8556,0.000171,success
2026-02-28T01:14:39.685703,administrativo,agu_lei_9469,7,2900,5.8e-05,success
2026-02-28T01:14:41.730230,administrativo,anatel_lei_9472,62,29719,0.000594,success
2026-02-28T01:14:43.196226,administrativo,antt_lei_10233,58,27631,0.000553,success
2026-02-28T01:14:44.093575,administrativo,anvisa_lei_9782,26,12287,0.000246,success
2026-02-28T01:14:44.424067,administrativo,aposentadoria_lc_152,1,438,9e-06,success
2026-02-28T01:14:44.842700,administrativo,aposentadoria_para_pessoa_com_deficiencia_lc_142,3,1348,2.7e-05,success
2026-02-28T01:14:45.193987,administrativo,assuncao_pela_uniao_de_responsabilidades_civis_perante_terceiros_em_caso_de_atentados_terroristas_atos_de_guerra_lei_10774,3,1410,2.8e-05,success
2026-02-28T01:14:46.034733,administrativo,atribuicoes_da_agu_em_carater_emergencial_ou_provisorio_lei_9028,20,8972,0.000179,success
2026-02-28T01:14:46.672712,administrativo,capacitacao_e_competitividade_do_setor_de_informatica_e_automacao_lei_8248,17,7711,0.000154,success
2026-02-28T01:14:48.042900,administrativo,codigo_brasileiro_de_telecomunicacoes_lei_4117,51,24424,0.000488,success
2026-02-28T01:14:48.658286,administrativo,codigo_de_etica_profissional_do_servidor_publico_civil_do_poder_executivo_federal_dec_1171,8,3399,6.8e-05,success
2026-02-28T01:14:49.059087,administrativo,concessao_de_uso_especial_mp_2220,6,2537,5.1e-05,success
2026-02-28T01:14:50.453007,administrativo,concessao_e_permissao_lei_8987,32,14282,0.000286,success
2026-02-28T01:14:51.434812,administrativo,consorcios_publicos_lei_11107,13,6191,0.000124,success
2026-02-28T01:14:52.047831,administrativo,contratacao_por_tempo_determ_para_atender_a_necessidade_tempor_de_excepcional_interesse_publ_nos_termos_do_inciso_ix_do_art_37_lei_8745,12,5281,0.000106,success
2026-02-28T01:14:52.995498,administrativo,criacao_de_carreiras_e_organizacao_de_cargos_efetivos_das_autarquias_especiais_denominadas_agencias_reguladoras_lei_10871,33,14695,0.000294,success
2026-02-28T01:14:56.061619,administrativo,crimes_de_responsabilidade_lei_1079,0,0,0,error: Failed to ingest document crimes_de_responsabilida
2026-02-28T01:15:00.189433,administrativo,decreto_11531,17,8081,0.000162,success
2026-02-28T01:15:00.570883,administrativo,decreto_83937_de_1979,2,568,1.1e-05,success
2026-02-28T01:15:01.966036,administrativo,decreto_9310,65,30674,0.000613,success
2026-02-28T01:15:02.297471,administrativo,desaprapriacao_por_interesse_social_lei_4132,2,941,1.9e-05,success
2026-02-28T01:15:02.754453,administrativo,desapropriacao_por_utilidade_publica_de_imovel_residencial_urbano_dl_1075,2,764,1.5e-05,success
2026-02-28T01:15:03.778280,administrativo,desapropriacao_por_utilidade_publica_dec_3365,22,9883,0.000198,success
2026-02-28T01:15:04.095597,administrativo,direito_de_as_maes_amamentarem_seus_filhos_durante_a_realizacao_de_concursos_pub_federais_lei_13872,4,1615,3.2e-05,success
2026-02-28T01:15:04.434901,administrativo,dispoe_sobre_a_criacao_e_o_funcionamento_de_cooperativas_sociais_visando_a_integracao_social_dos_cidadaos_conforme_especifica_lei_9867,2,686,1.4e-05,success
2026-02-28T01:15:05.937030,administrativo,dispoe_sobre_a_organizacao_da_administracao_federal_dec_lei_200,60,28384,0.000568,success
2026-02-28T01:15:06.635779,administrativo,dispoe_sobre_a_politica_de_governanca_da_administracao_publica_federal_direta_autarquica_e_fundacional_decreto_9203,9,4468,8.9e-05,success
2026-02-28T01:15:07.020901,administrativo,dispoe_sobre_a_qualificacao_de_autarquias_e_fundacoes_como_agencias_executivas_dec_2487,6,2713,5.4e-05,success
2026-02-28T01:15:07.544471,administrativo,dispoe_sobre_foros_laudemios_e_taxas_de_ocupacao_relativas_a_imoveis_de_propriedade_da_uniao_dec_lei_2398,9,4202,8.4e-05,success
2026-02-28T01:15:08.044556,administrativo,dispoe_sobre_loteamento_urbano_responsabilidade_do_ioteador_concessao_de_uso_e_espaco_aereo_dec_lei_271,4,1684,3.4e-05,success
2026-02-28T01:15:08.428869,administrativo,dispoe_sobre_o_exercicio_da_profissao_de_guardador_e_lavador_autonomo_de_veiculos_automotores_lei_6242,1,445,9e-06,success
2026-02-28T01:15:09.262147,administrativo,dispoe_sobre_o_loteamento_e_a_venda_de_terrenos_para_pagamento_em_prestacoes_dec_lei_58,10,4569,9.1e-05,success
2026-02-28T01:15:09.749233,administrativo,dispoe_sobre_o_procedimento_administrativo_de_demarcacao_das_terras_indigenas_dec_1775,4,1695,3.4e-05,success
2026-02-28T01:15:10.530169,administrativo,dispoe_sobre_o_procedimento_de_manifestacao_de_interesse_pmi_dec_8428,11,5370,0.000107,success
2026-02-28T01:15:11.886054,administrativo,dispoe_sobre_os_bens_imoveis_da_uniao,55,26097,0.000522,success
2026-02-28T01:15:12.443374,administrativo,dispoe_sobre_procedimentos_a_serem_observados_por_empresas_controladas_direta_ou_indiretamente_pela_uniao_dec_1091,2,776,1.6e-05,success
2026-02-28T01:15:13.735953,administrativo,dispositivos_constitucionais_relativos_a_reforma_agraria_lei_8629,27,12574,0.000251,success
2026-02-28T01:15:14.203613,administrativo,estabelece_procedimento_especial_para_consultas_publicas_de_decretos_destinados_a_regulamentar_dispositivo_da_lei_de_licitacoes_dec_10929,1,350,7e-06,success
2026-02-28T01:15:15.522535,administrativo,estatuto_da_cidade_lei_10257,38,17525,0.000351,success
2026-02-28T01:15:16.364837,administrativo,estatuto_da_metropole_lei_13_089,12,5288,0.000106,success
2026-02-28T01:15:17.042961,administrativo,estatuto_de_museus_lei_11904,15,7341,0.000147,success
2026-02-28T01:15:17.985843,administrativo,estatuto_do_indio_lei_6001,16,7424,0.000148,success
2026-02-28T01:15:18.390808,administrativo,estatuto_geral_das_guardas_municipais_lei_13022,7,3196,6.4e-05,success
2026-02-28T01:15:20.193517,administrativo,estatuto_juridico_da_empresa_publica_sociedade_de_economia_mista_e_subsidiarias_lei_13303,66,31012,0.00062,success
2026-02-28T01:15:20.765097,administrativo,greve_lei_7783,7,3158,6.3e-05,success
2026-02-28T01:15:22.266814,administrativo,improbidade_administrativa_lei_8429,40,18114,0.000362,success
2026-02-28T01:15:22.894025,administrativo,institui_o_marco_legal_das_startups_e_do_empreendedorismo_inovador_lc_182,17,7849,0.000157,success
2026-02-28T01:15:23.879164,administrativo,institui_o_programa_auxilio_brasil_e_o_programa_alimenta_brasil_lei_14284,27,12816,0.000256,success
2026-02-28T01:15:24.847848,administrativo,institui_o_regime_disciplinar_da_policia_federal_e_da_policia_civil_do_distrito_federal_lei_15047,29,13975,0.00028,success
2026-02-28T01:15:25.759087,administrativo,lei_anticorrupcao_lei_12846,16,7553,0.000151,success
2026-02-28T01:15:26.264010,administrativo,lei_da_desburocratizacao_lei_13726,3,1412,2.8e-05,success
2026-02-28T01:15:27.233449,administrativo,lei_da_inovacao_lei_10973,30,13736,0.000275,success
2026-02-28T01:15:28.467044,administrativo,lei_das_ferrovias_e_altera_outros_diplomas_legais_lei_14273,39,18654,0.000373,success
2026-02-28T01:15:29.540000,administrativo,lei_de_acesso_a_informacao_lei_12527,25,12122,0.000242,success
2026-02-28T01:15:32.107179,administrativo,lei_de_licitacoes_e_contratos_administrativos_lei_14133,158,74979,0.0015,success
2026-02-28T01:15:34.390636,administrativo,lei_de_licitacoes_lei_8666,99,46246,0.000925,success
2026-02-28T01:15:35.536001,administrativo,lei_do_governo_digital_lei_14129,25,12032,0.000241,success
2026-02-28T01:15:36.645405,administrativo,lei_do_parcelamento_do_solo_urbano_lei_6766,42,19204,0.000384,success
2026-02-28T01:15:38.345173,administrativo,lei_do_petroleo_lei_9478,59,28238,0.000565,success
2026-02-28T01:15:39.442617,administrativo,lei_dos_portos_lei_12815,38,18539,0.000371,success
2026-02-28T01:15:40.262749,administrativo,lei_geral_das_agencias_reguladoras_federais_lei_13848,31,14632,0.000293,success
2026-02-28T01:15:41.517206,administrativo,lei_organica_a_procuradoria_geral_da_fazenda_nacional_dec_lei_147,30,13893,0.000278,success
2026-02-28T01:15:42.590920,administrativo,lei_organica_do_tribunal_de_contas_da_uniao_lei_8443,34,16496,0.00033,success
2026-02-28T01:15:43.070528,administrativo,licitacoes_de_servicos_de_publicidade_lei_12232,15,7138,0.000143,success
2026-02-28T01:15:43.977312,administrativo,marco_civil_da_internet_lei_12965,15,7186,0.000144,success
2026-02-28T01:15:44.679316,administrativo,marco_legal_da_micro_e_minigeracao_de_energia_lei_14300,23,10555,0.000211,success
2026-02-28T01:15:45.033304,administrativo,monumentos_arqueologicos_e_pre_historicos_lei_3924,8,3418,6.8e-05,success
2026-02-28T01:15:45.484387,administrativo,normas_gerais_relativas_a_concursos_publicos_lei_14965,8,3855,7.7e-05,success
2026-02-28T01:15:46.285658,administrativo,normas_relativas_a_transferencias_de_recursos_da_uniao_mediante_convenios_e_contratos_de_repasse_dec_6170,21,9542,0.000191,success
2026-02-28T01:15:47.350776,administrativo,novo_regulamento_do_pregao_eletronico_decreto_10024,25,12027,0.000241,success
2026-02-28T01:15:49.352732,administrativo,organizacao_da_presidencia_da_republica_lei_9649,68,31577,0.000632,success
2026-02-28T01:15:50.195385,administrativo,organizacoes_sociais_lei_9637,12,5500,0.00011,success
2026-02-28T01:15:50.915475,administrativo,oscip_lei_9790,11,5306,0.000106,success
2026-02-28T01:15:52.634800,administrativo,parcerias_voluntarias_lei_13019,53,25005,0.0005,success
2026-02-28T01:15:53.172979,administrativo,patrimonio_historico_e_cultural_dec_lei_25_de_1937,11,4951,9.9e-05,success
2026-02-28T01:15:53.579037,administrativo,politica_nacional_de_combate_a_perda_e_ao_desperdicio_de_alimentos_lei_15224,7,2984,6e-05,success
2026-02-28T01:15:54.913502,administrativo,politica_nacional_de_mobilidade_urbana_lei_12587,18,8771,0.000175,success
2026-02-28T01:15:55.702834,administrativo,portaria_agu_n_428_de_2019,10,4624,9.2e-05,success
2026-02-28T01:15:57.210682,administrativo,portaria_normativa_agu_n_46_de_2022,37,17637,0.000353,success
2026-02-28T01:15:58.018337,administrativo,ppp_s_lei_11079,27,12596,0.000252,success
2026-02-28T01:15:58.961656,administrativo,pregao_lei_10520,8,3462,6.9e-05,success
2026-02-28T01:15:59.346185,administrativo,prescricao_das_acoes_contra_fazenda_dec_lei_4597,1,486,1e-05,success
2026-02-28T01:15:59.686498,administrativo,prescricao_punitiva_lei_9873,3,1175,2.3e-05,success
2026-02-28T01:16:00.046213,administrativo,prescricao_quinquenal_dec_20_910,3,1016,2e-05,success
2026-02-28T01:16:00.701763,administrativo,procedimento_contraditorio_especial_de_rito_sumario_para_o_processo_de_desapropriacao_de_imovel_rural_lc_76,8,3554,7.1e-05,success
2026-02-28T01:16:02.165452,administrativo,processo_administrativo_lei_9784,30,14107,0.000282,success
2026-02-28T01:16:02.982754,administrativo,programa_casa_verde_e_amarela_lei_14118,11,5224,0.000104,success
2026-02-28T01:16:03.587326,administrativo,programa_de_parceria_de_investimentos_lei_13334,14,6550,0.000131,success
2026-02-28T01:16:05.074026,administrativo,programa_minha_casa_minha_vida_lei_11977,48,22136,0.000443,success
2026-02-28T01:16:06.284199,administrativo,programa_minha_casa_minha_vida_lei_14620,55,25962,0.000519,success
2026-02-28T01:16:06.975210,administrativo,programa_nacional_de_prestacao_de_servico_civil_voluntario_e_o_premio_portas_abertas_lei_14370,9,4165,8.3e-05,success
2026-02-28T01:16:07.313851,administrativo,regiao_integrada_de_desenvolvimento_do_distrito_federal_e_entorno_ride_df_lc_94,3,1048,2.1e-05,success
2026-02-28T01:16:07.674122,administrativo,regime_de_emprego_publico_da_administracao_federal_lei_9962,2,716,1.4e-05,success
2026-02-28T01:16:09.274117,administrativo,regime_diferenciado_de_contratacoes_publicas_rdc_lei_12462,45,21390,0.000428,success
2026-02-28T01:16:13.498987,administrativo,regime_juridico_dos_servidores_civis_da_uniao_lei_8112,0,0,0,error: Failed to ingest document regime_juridico_dos_serv
2026-02-28T01:16:13.992413,administrativo,registro_de_bens_culturais_de_natureza_imaterial_dec_3551_de_2000,3,1420,2.8e-05,success
2026-02-28T01:16:14.819124,administrativo,regula_a_zona_franca_de_manaus_dl_288,16,7263,0.000145,success
2026-02-28T01:16:15.539784,administrativo,regulamenta_a_analise_de_impacto_regulatorio_de_que_tratam_o_art_5_da_lei_13874_e_o_art_6_da_lei_13848_dec_10411,11,4977,0.0001,success
2026-02-28T01:16:16.210611,administrativo,regulamenta_a_contratacao_de_bens_e_servicos_de_informatica_e_automacao_dec_7174,7,3263,6.5e-05,success
2026-02-28T01:16:17.126639,administrativo,regulamenta_a_lei_11346_dec_7272,14,6577,0.000132,success
2026-02-28T01:16:18.467291,administrativo,regulamenta_a_lei_13303_dec_8945,40,19044,0.000381,success
2026-02-28T01:16:19.737358,administrativo,regulamenta_a_lei_anticorrupcao_que_dispoe_sobre_a_responsab_administ_e_civil_de_pj_pela_pratica_de_atos_contra_a_administr_pub_dec_11129,32,15259,0.000305,success
2026-02-28T01:16:20.962436,administrativo,regulamenta_a_lei_de_consorcios_publicos_dec_6017,22,10416,0.000208,success
2026-02-28T01:16:21.732648,administrativo,regulamenta_as_oscip_dec_3100,12,5564,0.000111,success
2026-02-28T01:16:22.356872,administrativo,regulamenta_o_4_do_art_1_e_o_art_2_da_lei_9_469_decreto_10201,4,1403,2.8e-05,success
2026-02-28T01:16:22.887714,administrativo,regulamenta_o_art_3_da_lei_de_licitacoes_dec_7746,6,2601,5.2e-05,success
2026-02-28T01:16:23.462274,administrativo,regulamenta_o_contrato_referido_no_8_do_art_37_da_cf_contrato_de_desempenho_lei_13934,4,1545,3.1e-05,success
2026-02-28T01:16:24.453522,administrativo,regulamenta_o_sistema_de_registro_de_precos_dec_7892,17,7835,0.000157,success
2026-02-28T01:16:24.854003,administrativo,regulamenta_pregao_entes_publ_ou_priv_nas_contrat_de_bens_e_serv_comuns_realizadas_decorrencia_de_transf_voluntarias_repasses_da_uniao_dec_5504,2,890,1.8e-05,success
2026-02-28T01:16:25.847896,administrativo,relicitacao_lei_13448,16,7479,0.00015,success
2026-02-28T01:16:26.549577,administrativo,reserva_as_pessoas_c_defic_aos_conc_publicos_dec_9508,7,3282,6.6e-05,success
2026-02-28T01:16:27.461047,administrativo,servicos_postais_lei_6538,15,7367,0.000147,success
2026-02-28T01:16:28.018179,administrativo,sistema_nacional_de_habitacao_de_interesse_social_snhis_lei_11124,14,6572,0.000131,success
2026-02-28T01:16:28.753829,administrativo,sistema_nacional_de_seguranca_alimentar_e_nutricional_sisan_lei_11346,7,3234,6.5e-05,success
2026-02-28T01:16:29.331290,administrativo,terceirizacao_do_servico_dec_9507,8,3623,7.2e-05,success
2026-02-28T01:16:29.758436,administrativo,transferencia_ex_offcio_do_servidor_publico_lei_9536,1,316,6e-06,success
2026-02-28T01:16:30.264866,ambiental,acesso_publico_aos_dados_e_informacoes_dos_orgaos_e_entidades_do_sisnama_lei_10650,3,1342,2.7e-05,success
2026-02-28T01:16:31.340250,ambiental,agencia_nacional_da_agua_ana_lei_9984,23,10721,0.000214,success
2026-02-28T01:16:31.917624,ambiental,agrotoxicos_lei_7802_revogada_pela_lei_14785,12,5497,0.00011,success
2026-02-28T01:16:32.648091,ambiental,aquisicao_de_imovel_rural_por_estrangeiro_resid_no_pais_ou_pess_juridica_estrangeira_autorizada_a_funcionar_no_brasil_lei_5709,7,2944,5.9e-05,success
2026-02-28T01:16:33.629286,ambiental,biosseguranca_lei_11105,22,10306,0.000206,success
2026-02-28T01:16:34.959943,ambiental,codigo_de_aguas_dec_24643,43,21232,0.000425,success
2026-02-28T01:16:35.625641,ambiental,codigo_de_caca_lei_5197,9,3980,8e-05,success
2026-02-28T01:16:36.845691,ambiental,codigo_de_minas_dl_227,44,20724,0.000414,success
2026-02-28T01:16:37.560295,ambiental,convencao_de_ramsar,10,4585,9.2e-05,success
2026-02-28T01:16:38.680093,ambiental,convencao_sobre_diversidade_biologica,32,14439,0.000289,success
2026-02-28T01:16:39.433388,ambiental,cria_fundo_nacional_sobre_a_mudanca_do_clima_lei_12114,6,2732,5.5e-05,success
2026-02-28T01:16:39.903868,ambiental,criacao_de_estacoes_economicas_e_areas_de_protecao_ambiental_lei_6902,4,1603,3.2e-05,success
2026-02-28T01:16:40.472956,ambiental,criacao_do_instituto_chico_mendes_lei_11516,12,5730,0.000115,success
2026-02-28T01:16:41.774403,ambiental,crimes_ambientais_lei_9605,39,17951,0.000359,success
2026-02-28T01:16:42.457343,ambiental,declaracao_de_estocolmo_1972,9,3991,8e-05,success
2026-02-28T01:16:43.059500,ambiental,declaracao_do_rio_de_janeiro_sobre_meio_ambiente_e_desenvolvimento_1992,7,2741,5.5e-05,success
2026-02-28T01:16:43.887497,ambiental,decreto_11599_de_2023,20,9194,0.000184,success
2026-02-28T01:16:44.571186,ambiental,decreto_2661_de_1998,8,3876,7.8e-05,success
2026-02-28T01:16:46.147695,ambiental,decreto_6514_de_2008,66,31542,0.000631,success
2026-02-28T01:16:47.269621,ambiental,decreto_imperial_1318_de_1854,26,11472,0.000229,success
2026-02-28T01:16:48.594885,ambiental,diretrizes_nacionais_de_saneamento_basico_lei_11445,60,27775,0.000556,success
2026-02-28T01:16:49.258984,ambiental,diretrizes_para_a_elaboracao_de_planos_de_adaptacao_a_mudanca_do_clima_lei_14904,6,2605,5.2e-05,success
2026-02-28T01:16:49.818163,ambiental,dispoe_sobre_a_protecao_das_cavidades_naturais_subterraneas_existentes_no_territorio_nacional_dec_10935,8,3535,7.1e-05,success
2026-02-28T01:16:50.145033,ambiental,dispoe_sobre_a_regulamentacao_do_art_2_viii_da_lei_da_politica_nacional_do_meio_ambiente_dec_97632,1,365,7e-06,success
2026-02-28T01:16:50.947105,ambiental,dispoe_sobre_o_sistema_do_car_dec_7830,12,5223,0.000104,success
2026-02-28T01:16:52.597478,ambiental,estatuto_da_terra_lei_4504,70,33169,0.000663,success
2026-02-28T01:16:53.323757,ambiental,exploracao_mineral_lei_7805,6,2825,5.6e-05,success
2026-02-28T01:16:53.891723,ambiental,fixa_normas_de_direito_agrario_lei_4947,11,4878,9.8e-05,success
2026-02-28T01:16:55.404105,ambiental,florestas_publicas_lei_11284,52,25047,0.000501,success
2026-02-28T01:16:55.919753,ambiental,fundo_nacional_do_meio_ambiente_lei_7797,4,1827,3.7e-05,success
2026-02-28T01:16:56.667808,ambiental,lancamento_de_oleo_lei_9966,17,7894,0.000158,success
2026-02-28T01:16:57.685479,ambiental,lei_14785,40,19014,0.00038,success
2026-02-28T01:16:58.370380,ambiental,lei_14993,25,11846,0.000237,success
2026-02-28T01:16:58.972322,ambiental,lei_de_atuacao_administrativa_cooperada_lc_140,19,8661,0.000173,success
2026-02-28T01:16:59.587332,ambiental,lei_dos_contratos_de_integracao_lei_13288,10,4697,9.4e-05,success
2026-02-28T01:17:01.073483,ambiental,lei_geral_do_licenciamento_ambiental_lei_15190,47,22153,0.000443,success
2026-02-28T01:17:02.049332,ambiental,mata_atlantica_lei_11428,17,7874,0.000157,success
2026-02-28T01:17:02.430152,ambiental,ministerio_do_meio_ambiente_desenvolvimento_rural,1,388,8e-06,success
2026-02-28T01:17:04.334617,ambiental,novo_codigo_florestal_lei_12651,73,34162,0.000683,success
2026-02-28T01:17:05.173126,ambiental,novo_marco_legal_do_saneamento_basico_lei_14026,52,24715,0.000494,success
2026-02-28T01:17:06.132355,ambiental,patrimonio_genetico_lei_13123,31,14584,0.000292,success
2026-02-28T01:17:06.523123,ambiental,plano_nacional_de_gerenciamento_costeiro_lei_7661,4,1888,3.8e-05,success
2026-02-28T01:17:07.012555,ambiental,politica_de_educacao_para_consumo_sustentavel_lei_13186,2,622,1.2e-05,success
2026-02-28T01:17:07.552185,ambiental,politica_nacional_da_agricultura_familiar_e_empreendimentos_familiares_rurais_lei_11326,3,1309,2.6e-05,success
2026-02-28T01:17:08.543834,ambiental,politica_nacional_de_biocombustiveis_lei_13576,19,8713,0.000174,success
2026-02-28T01:17:09.024517,ambiental,politica_nacional_de_combate_a_desertificacao_e_da_mitigacao_dos_efeitos_da_seca_lei_13153,8,3786,7.6e-05,success
2026-02-28T01:17:09.644559,ambiental,politica_nacional_de_desenvolvimento_sustentavel_da_aquicultura_e_da_pesca_lei_11959,14,6946,0.000139,success
2026-02-28T01:17:10.388853,ambiental,politica_nacional_de_direitos_das_populacoes_atingidas_por_barragens_lei_14755,7,3063,6.1e-05,success
2026-02-28T01:17:10.954946,ambiental,politica_nacional_de_educacao_ambiental_lei_9795,9,4344,8.7e-05,success
2026-02-28T01:17:11.874247,ambiental,politica_nacional_de_gestao_territorial_e_ambiental_quilombola_e_o_seu_comite_gestor_decreto_11786,16,7595,0.000152,success
2026-02-28T01:17:13.049482,ambiental,politica_nacional_de_manejo_integrado_do_fogo_lei_14944,25,11890,0.000238,success
2026-02-28T01:17:13.970442,ambiental,politica_nacional_de_pagamento_por_servicos_ambientais_lei_14119,13,6160,0.000123,success
2026-02-28T01:17:14.928541,ambiental,politica_nacional_de_protecao_e_defesa_civil_lei_12608,26,12317,0.000246,success
2026-02-28T01:17:15.383263,ambiental,politica_nacional_de_qualidade_do_ar_lei_14850,10,4821,9.6e-05,success
2026-02-28T01:17:16.364014,ambiental,politica_nacional_de_seguranca_de_barragens_lei_12334,25,11756,0.000235,success
2026-02-28T01:17:17.421417,ambiental,politica_nacional_do_meio_ambiente_lei_6938,27,12317,0.000246,success
2026-02-28T01:17:18.602772,ambiental,politica_nacional_dos_recursos_hidricos_lei_9433,21,10268,0.000205,success
2026-02-28T01:17:19.660815,ambiental,politica_nacional_dos_residuos_solidos_lei_12305,39,18267,0.000365,success
2026-02-28T01:17:20.056508,ambiental,politica_nacional_sobre_mudanca_do_clima_lei_12187,9,3976,8e-05,success
2026-02-28T01:17:21.986026,ambiental,principios_e_diretrizes_para_a_implementacao_da_politica_nacional_de_biodiversidade_dec_4339,48,23042,0.000461,success
2026-02-28T01:17:22.386333,ambiental,procedimentos_para_o_uso_cientifico_de_animais_lei_11794,10,4920,9.8e-05,success
2026-02-28T01:17:22.853800,ambiental,programa_cidades_verdes_resilientes_decreto_12041,2,966,1.9e-05,success
2026-02-28T01:17:23.699576,ambiental,programa_mobilidade_verde_e_inovacao_programa_mover_lei_14902,28,13032,0.000261,success
2026-02-28T01:17:24.416387,ambiental,programa_nacional_de_conservacao_e_uso_sustentavel_dos_manguezais_do_brasil_decreto_12045,10,4430,8.9e-05,success
2026-02-28T01:17:24.754086,ambiental,programa_nacional_de_florestas_produtivas_decreto_12087,3,1253,2.5e-05,success
2026-02-28T01:17:25.282689,ambiental,programa_selo_verde_brasil_decreto_12063,3,1148,2.3e-05,success
2026-02-28T01:17:26.320900,ambiental,programa_terra_legal_amazonia_lei_11952,23,10868,0.000217,success
2026-02-28T01:17:27.661413,ambiental,promulga_o_protocolo_de_cartagena_sobre_biosseguranca_da_convencao_sobre_diversidade_biologica_dec_5705,35,16290,0.000326,success
2026-02-28T01:17:28.129621,ambiental,protoc_de_nagoia_sobre_acesso_a_rec_geneticos_e_repart_justa_e_equitativa_dos_benefic_derivados_de_sua_utilizacao_a_conv_sobre_diversidade_biologica,2,842,1.7e-05,success
2026-02-28T01:17:28.642992,ambiental,protocolo_de_cartagena_sobre_biosseguranca,3,1350,2.7e-05,success
2026-02-28T01:17:29.813111,ambiental,protocolo_de_quioto,34,14587,0.000292,success
2026-02-28T01:17:31.067490,ambiental,regulamenta_a_lei_11428_dec_6660_de_2008,28,12967,0.000259,success
2026-02-28T01:17:32.098649,ambiental,regulamenta_a_lei_6902_e_lei_6938_dec_99274_de_1990,19,9151,0.000183,success
2026-02-28T01:17:33.322162,ambiental,regulamenta_a_lei_8629_e_lei_13001_para_dispor_sobre_o_proc_de_selecao_perman_e_titulacao_das_familias_benefic_do_programa_nacional_de_reforma_agraria_dec_9311,28,13333,0.000267,success
2026-02-28T01:17:35.078400,ambiental,regulamenta_a_lei_de_agrotoxicos_dec_4074_de_2002,70,33811,0.000676,success
2026-02-28T01:17:36.366496,ambiental,regulamenta_a_lei_de_residuos_solidos_decreto_7404_de_2010,36,17037,0.000341,success
2026-02-28T01:17:37.142464,ambiental,regulamenta_a_obrigacao_de_inscricao_no_ctf_de_atividades_potencialmente_poluidoras_e_utilizadoras_de_recursos_ambientais_in_13_de_2021_do_ibama,28,13204,0.000264,success
2026-02-28T01:17:38.288053,ambiental,regulamenta_a_politica_nacional_de_residuos_solidos_dec_10936,36,17112,0.000342,success
2026-02-28T01:17:38.816129,ambiental,regulamenta_a_snuc_dec_4340,15,6982,0.00014,success
2026-02-28T01:17:39.570014,ambiental,regulamenta_a_snuc_dec_5746,9,4019,8e-05,success
2026-02-28T01:17:40.491173,ambiental,regulamenta_em_ambito_federal_a_lei_11284_decreto_12046,21,9863,0.000197,success
2026-02-28T01:17:42.168722,ambiental,regulamenta_lei_13_123_que_dispoe_sobre_o_patrimonio_genetico_dec_8772,68,32955,0.000659,success
2026-02-28T01:17:43.451151,ambiental,regulamenta_o_art_32_2_e_art_33_1_da_lei_de_residuos_solidos_e_institui_sist_de_logist_reversa_de_embalagens_de_vidro_dec_11300,41,19159,0.000383,success
2026-02-28T01:17:44.024669,ambiental,regulamenta_o_art_9_ii_da_lei_6938_dec_4297,10,4766,9.5e-05,success
2026-02-28T01:17:44.720229,ambiental,regulamenta_o_cra_instituida_pelo_art_44_do_novo_codigo_florestal_dec_9640,15,7045,0.000141,success
2026-02-28T01:17:45.205119,ambiental,regulamenta_o_destino_dos_rejeitos_radioativos_no_pais_lei_10308,7,3242,6.5e-05,success
2026-02-28T01:17:46.365433,ambiental,regulamenta_o_dl_n_227_lei_6_567_lei_7_805_e_lei_n_13_575,27,13079,0.000262,success
2026-02-28T01:17:47.603010,ambiental,regulamenta_o_estatuto_da_terra_e_trata_sobre_contratos_agrarios_dec_59566,29,13673,0.000273,success
2026-02-28T01:17:49.162003,ambiental,regularizacao_administracao_aforamento_e_alienacao_de_bens_imoveis_de_dominio_da_uniao_lei_9636,57,26320,0.000526,success
2026-02-28T01:17:51.336553,ambiental,regularizacao_fundiaria_rural_e_urbana_lei_13465,108,51117,0.001022,success
2026-02-28T01:17:51.669610,ambiental,relatorio_brundtland_nosso_futuro_comum,3,1218,2.4e-05,success
2026-02-28T01:17:52.365129,ambiental,reparticao_geral_de_terras_publicas_dec_1814_de_1854,26,11469,0.000229,success
2026-02-28T01:17:52.789360,ambiental,resolucao_01_de_1986_do_conama,9,3795,7.6e-05,success
2026-02-28T01:17:53.133187,ambiental,resolucao_09_de_1987_do_conama,1,47,1e-06,success
2026-02-28T01:17:53.620071,ambiental,resolucao_09_de_1990_do_conama,3,1303,2.6e-05,success
2026-02-28T01:17:53.943189,ambiental,resolucao_237_de_1997_do_conama,1,47,1e-06,success
2026-02-28T01:17:54.461923,ambiental,resolucao_23_de_1994_do_conama,4,1951,3.9e-05,success
2026-02-28T01:17:54.476230,ambiental,resolucao_279_de_2001_do_conama,1,0,0.0,success
2026-02-28T01:17:54.998756,ambiental,resolucao_302_de_2002_do_conama,5,2257,4.5e-05,success
2026-02-28T01:17:55.698540,ambiental,resolucao_312_de_2002_do_conama,8,3663,7.3e-05,success
2026-02-28T01:17:56.475532,ambiental,resolucao_369_de_2006_do_conama,15,6973,0.000139,success
2026-02-28T01:17:57.259270,ambiental,resolucao_371_de_2006_do_conama,7,3198,6.4e-05,success
2026-02-28T01:17:57.614849,ambiental,resolucao_378_de_2006_do_conama,3,1430,2.9e-05,success
2026-02-28T01:17:58.085203,ambiental,resolucao_494_de_2020_do_conama,2,865,1.7e-05,success
2026-02-28T01:17:58.930922,ambiental,resolucao_62_de_2001_do_conselho_nacional_de_recursos_hidricos_cnrh,10,4898,9.8e-05,success
2026-02-28T01:17:59.616124,ambiental,respons_civil_por_danos_nucleares_e_a_responsabilidade_criminal_por_atos_relacionados_com_atividades_nucleares_lei_6453,6,2728,5.5e-05,success
2026-02-28T01:18:00.508973,ambiental,sistema_nacional_de_defesa_civil_sindec_lei_12340,13,6166,0.000123,success
2026-02-28T01:18:01.847478,ambiental,sistema_nacional_de_unidades_de_conservacao_snuc_lei_9985,36,16789,0.000336,success
2026-02-28T01:18:02.902914,ambiental,terras_devolutas_do_imperio_lei_imperial_601_de_1850,18,7960,0.000159,success
2026-02-28T01:18:03.556097,ambiental,zoneamento_industrial_nas_areas_criticas_lei_6803,6,2668,5.3e-05,success
2026-02-28T01:18:04.103190,civil,acao_de_alimentos_lei_5478,7,3399,6.8e-05,success
2026-02-28T01:18:04.666045,civil,acessibilidade_e_atendimento_prioritario_lei_10098,10,4702,9.4e-05,success
2026-02-28T01:18:05.416657,civil,alienacao_fiduciaria_dl_911,12,5142,0.000103,success
2026-02-28T01:18:05.940615,civil,alienacao_parental_lei_12_318,5,2146,4.3e-05,success
2026-02-28T01:18:06.274408,civil,alimentos_gravidicos_lei_11_804,2,810,1.6e-05,success
2026-02-28T01:18:06.695073,civil,auxilio_reabilitacao_psicossocial_lei_10708,3,1106,2.2e-05,success
2026-02-28T01:18:17.622947,civil,codigo_civil_atualizado_ate_01_de_janeiro,562,257479,0.00515,success
2026-02-28T01:18:18.325370,civil,comite_intersetorial_de_acompanhamento_e_monitoramento_da_politica_nacional_para_a_populacao_em_situacao_de_rua_dec_9894,6,2759,5.5e-05,success
2026-02-28T01:18:19.987960,civil,condominio_em_edificacoes_e_incorporacao_imobiliaria_lei_4591,61,28072,0.000561,success
2026-02-28T01:18:20.703397,civil,conselho_naciconal_sobre_os_direitos_da_pessoa_com_deficiencia_dec_10177,7,3149,6.3e-05,success
2026-02-28T01:18:21.444998,civil,consolidacao_e_redacao_das_leis_lc_95_de_1993,10,4545,9.1e-05,success
2026-02-28T01:18:21.794110,civil,decreto_93240,3,1074,2.1e-05,success
2026-02-28T01:18:22.827843,civil,decreto_9921,18,8537,0.000171,success
2026-02-28T01:18:23.140664,civil,direito_do_portador_de_deficiencia_visual_de_ingressar_e_permanecer_em_ambientes_de_uso_coletivo_acompanhado_de_cao_guia_lei_11126,1,424,8e-06,success
2026-02-28T01:18:24.527582,civil,direitos_autorais_lei_9610,38,18318,0.000366,success
2026-02-28T01:18:24.823618,civil,dispoe_sobre_a_apresentacao_e_uso_de_documentos_de_identificacao_pessoal_lei_5553,2,671,1.3e-05,success
2026-02-28T01:18:25.704355,civil,dispoe_sobre_a_organizacao_e_protecao_da_familia_dl_3200,13,5852,0.000117,success
2026-02-28T01:18:26.192282,civil,dispoe_sobre_a_politica_nacional_do_idoso_e_cria_o_conselho_nacional_do_idoso_lei_8842,6,2841,5.7e-05,success
2026-02-28T01:18:26.694604,civil,dispoe_sobre_a_protecao_do_financiamento_de_bens_imoveis_vinculados_ao_sfh_lei_5741,4,1611,3.2e-05,success
2026-02-28T01:18:27.028036,civil,dispoe_sobre_limite_para_a_cobertura_pelo_fundo_de_compensacao_de_variacoes_salariais_fcvs_dl_2349,1,292,6e-06,success
2026-02-28T01:18:28.267087,civil,dispoe_sobre_normas_de_seguro_privado_lei_15040,33,15666,0.000313,success
2026-02-28T01:18:28.761518,civil,dispoe_sobre_o_pagamento_aos_dependentes_ou_sucessores_de_valores_nao_recebidos_em_vida_pelos_respectivos_titulares_lei_6858,2,635,1.3e-05,success
2026-02-28T01:18:29.781900,civil,dispoe_sobre_os_empreendimentos_de_economia_solidaria_e_a_politica_nacional_de_economia_solidaria_lei_15068,7,3334,6.7e-05,success
2026-02-28T01:18:30.345282,civil,dissolucao_da_socied_conjugal_e_do_casamento_lei_6515,11,4979,0.0001,success
2026-02-28T01:18:31.470968,civil,estatuto_da_igualdade_racial_lei_12288,23,10757,0.000215,success
2026-02-28T01:18:32.183402,civil,estatuto_da_pessoa_com_cancer_lei_14238,7,3022,6e-05,success
2026-02-28T01:18:33.968942,civil,estatuto_da_pessoa_com_deficiencia_lei_13146,66,31405,0.000628,success
2026-02-28T01:18:35.135086,civil,estatuto_da_pessoa_idosa_lei_10_741,47,21758,0.000435,success
2026-02-28T01:18:35.666812,civil,impenhorabilidade_do_bem_de_familia_lei_8009,4,1750,3.5e-05,success
2026-02-28T01:18:36.276276,civil,institui_a_politica_nacional_de_promocao_da_igualdade_racial_pnpir_decreto_4886,7,3167,6.3e-05,success
2026-02-28T01:18:36.844705,civil,investigacao_de_paternidade_lei_8560,4,1637,3.3e-05,success
2026-02-28T01:18:37.202448,civil,lei_10169,5,2063,4.1e-05,success
2026-02-28T01:18:37.917363,civil,lei_14010,6,2669,5.3e-05,success
2026-02-28T01:18:38.519086,civil,lei_de_apoio_as_pessoas_com_deficiencia_lei_7853_de_1989,11,4816,9.6e-05,success
2026-02-28T01:18:39.093106,civil,lei_de_atendimento_preferencial_lei_10048,3,1147,2.3e-05,success
2026-02-28T01:18:40.109313,civil,lei_de_introducao_as_normas_do_direito_brasileiro_lindb,18,7736,0.000155,success
2026-02-28T01:18:41.407110,civil,lei_de_locacoes_lei_8245,36,17241,0.000345,success
2026-02-28T01:18:41.711558,civil,lei_do_passe_livre_as_pessoas_portadoras_de_deficiencia_lei_8899,1,179,4e-06,success
2026-02-28T01:18:42.347179,civil,matricula_e_registo_de_imoveis_rurais_lei_6789,5,2225,4.4e-05,success
2026-02-28T01:18:43.479873,civil,pessoas_portadoras_de_deficiencia_dec_5296,36,16789,0.000336,success
2026-02-28T01:18:44.189581,civil,pessoas_portadoras_de_transtornos_mentais_lei_10216_de_2001,6,2398,4.8e-05,success
2026-02-28T01:18:45.312349,civil,planejamento_familiar_lei_9263,6,2902,5.8e-05,success
2026-02-28T01:18:45.865650,civil,politica_nacional_de_protecao_de_dir_da_pessoa_com_transtorno_do_espectro_autista_lei_12764,5,2281,4.6e-05,success
2026-02-28T01:18:46.371321,civil,politica_nacional_do_livro_lei_10753,5,2130,4.3e-05,success
2026-02-28T01:18:46.898242,civil,politica_nacional_para_a_populacao_em_situacao_de_rua_dec_7053,6,2664,5.3e-05,success
2026-02-28T01:18:47.430080,civil,propriedade_intelectual_de_programa_de_computador_lei_9609,8,3324,6.6e-05,success
2026-02-28T01:18:48.004337,civil,registro_da_propriedade_maritima_lei_7652,11,4880,9.8e-05,success
2026-02-28T01:18:50.991739,civil,registros_publicos_lei_6015,142,66634,0.001333,success
2026-02-28T01:18:51.946197,civil,regula_o_penhor_rural_e_a_cedula_pignoraticia_lei_492,14,6539,0.000131,success
2026-02-28T01:18:52.517564,civil,regulamenta_a_analise_de_impacto_regulatorio_de_que_tratam_o_art_5_da_lei_13874_e_art_6_da_lei_13848_dec_10441_de_2020,11,4971,9.9e-05,success
2026-02-28T01:18:52.983255,civil,regulamenta_a_lei_12_764_dec_8368,4,1471,2.9e-05,success
2026-02-28T01:18:53.899838,civil,regulamenta_a_lei_7_853_que_dispoe_sobre_a_politica_nacional_para_a_integracao_da_pessoa_port_de_defic_dec_3298,22,10262,0.000205,success
2026-02-28T01:18:54.409198,civil,regulamenta_a_lei_sobre_o_uso_da_talidomida_dec_7235,4,1629,3.3e-05,success
2026-02-28T01:18:54.967260,civil,regulamenta_o_art_75_do_est_da_pessoa_com_deficiencia_para_dispor_sobre_as_diretrizes_os_objetivos_e_os_eixos_do_plano_nac_de_tecnoc_assistiva_dec_10645,6,2731,5.5e-05,success
2026-02-28T01:18:55.518100,civil,regulamenta_os_arts_20_a_30_da_lindb_dec_9830,10,4723,9.4e-05,success
2026-02-28T01:18:56.196870,civil,regulamento_do_sistema_nacional_de_promocao_da_igualdade_racial_sinapir_decreto_8136,11,5138,0.000103,success
2026-02-28T01:18:56.904359,civil,remocao_de_orgaos_e_tecidos_do_corpo_humano_lei_9434,10,4573,9.1e-05,success
2026-02-28T01:18:57.881969,civil,representacao_comercial_lei_4886,17,7936,0.000159,success
2026-02-28T01:18:58.448288,civil,requisitos_para_a_lavratura_de_escrituras_publicas_lei_7433,2,631,1.3e-05,success
2026-02-28T01:18:59.832584,civil,resolucao_40_de_2020_do_conselho_nacional_de_direitos_humanos,65,29350,0.000587,success
2026-02-28T01:19:00.441253,civil,servicos_notariais_e_registros_lei_8935_de_1994,22,10326,0.000207,success
2026-02-28T01:19:01.092412,civil,sfh_e_alienacao_fiduciaria_de_coisa_imovel_lei_9514,27,12472,0.000249,success
2026-02-28T01:19:02.134160,civil,sistema_eletronico_dos_registros_publicos_serp_lei_14382,49,23135,0.000463,success
2026-02-28T01:19:02.461530,civil,talidomida_lei_12190,1,449,9e-06,success
2026-02-28T01:19:02.798136,civil,uniao_estavel_lei_9278,2,642,1.3e-05,success
2026-02-28T01:19:03.313092,civil,uso_do_nome_social_dec_8727,2,789,1.6e-05,success
2026-02-28T01:19:03.838018,civil,usucapiao_especial_de_imoveis_rurais_lei_6969,4,1738,3.5e-05,success
2026-02-28T01:19:04.388535,constitucional_direitos_humanos_internacional,a_participacao_de_capital_estrangeiro_nas_empresas_jornalisticas_e_de_radiodifusao_sonora_e_de_sons_e_imagens_lei_10610,5,2209,4.4e-05,success
2026-02-28T01:19:05.276965,constitucional_direitos_humanos_internacional,acao_popular_lei_4717,16,7503,0.00015,success
2026-02-28T01:19:06.324489,constitucional_direitos_humanos_internacional,acordo_de_assistencia_judiciaria_em_materia_penal_entre_o_governo_da_republica_federativa_do_brasil_e_o_governo_dos_eua,15,6704,0.000134,success
2026-02-28T01:19:07.291619,constitucional_direitos_humanos_internacional,acordo_de_extradicao_entre_os_estados_partes_do_mercosul,13,6334,0.000127,success
2026-02-28T01:19:08.167207,constitucional_direitos_humanos_internacional,acordo_de_paris_sob_a_convencao_quadro_das_nacoes_unidas_sobre_mudanca_do_clima,30,13546,0.000271,success
2026-02-28T01:19:08.855090,constitucional_direitos_humanos_internacional,acordo_de_residencia_do_mercosul_decreto_6975,9,4205,8.4e-05,success
2026-02-28T01:19:09.723660,constitucional_direitos_humanos_internacional,acordo_multilateral_de_seguridade_social_do_mercado_comum_do_sul_decreto_5722,15,7021,0.00014,success
2026-02-28T01:19:10.389948,constitucional_direitos_humanos_internacional,acordo_sobre_o_aquifero_guarani_decreto_legislativo_52_de_2017,6,2786,5.6e-05,success
2026-02-28T01:19:10.984940,constitucional_direitos_humanos_internacional,acordo_sobre_o_beneficio_da_just_gratuita_e_a_assist_juridica_gratuita_entre_os_estados_partes_do_mercosul_a_repub_bolivia_e_do_chile,5,2347,4.7e-05,success
2026-02-28T01:19:11.723335,constitucional_direitos_humanos_internacional,acordo_sobre_residencia_para_nacionais_dos_estados_partes_do_mercosul_decreto_6964,8,3894,7.8e-05,success
2026-02-28T01:19:12.628108,constitucional_direitos_humanos_internacional,adi_e_adc_perante_o_stf_lei_9868,19,8351,0.000167,success
2026-02-28T01:19:12.960752,constitucional_direitos_humanos_internacional,adin_interventiva_lei_12562,3,1426,2.9e-05,success
2026-02-28T01:19:13.716362,constitucional_direitos_humanos_internacional,adpf_lei_9882,7,2896,5.8e-05,success
2026-02-28T01:19:15.266449,constitucional_direitos_humanos_internacional,agenda_2030,68,29317,0.000586,success
2026-02-28T01:19:15.908909,constitucional_direitos_humanos_internacional,carta_africana_de_direitos_humanos_e_dos_povos,17,8166,0.000163,success
2026-02-28T01:19:16.977463,constitucional_direitos_humanos_internacional,carta_da_onu_carta_de_sao_francisco,49,22874,0.000457,success
2026-02-28T01:19:17.733385,constitucional_direitos_humanos_internacional,carta_da_organizacao_dos_estados_americanos,36,16937,0.000339,success
2026-02-28T01:19:18.520883,constitucional_direitos_humanos_internacional,carta_democratica_interamericana,11,5089,0.000102,success
2026-02-28T01:19:19.090713,constitucional_direitos_humanos_internacional,carta_dos_direitos_fundamentais_da_uniao_europeia_2000,12,5835,0.000117,success
2026-02-28T01:19:19.840638,constitucional_direitos_humanos_internacional,carta_social_das_americas,14,6538,0.000131,success
2026-02-28T01:19:41.380180,constitucional_direitos_humanos_internacional,cf_de_1988_atualiz_ate_ec_138,0,0,0,error: Failed to ingest document cf_de_1988_atualiz_ate_e
2026-02-28T01:19:44.244518,constitucional_direitos_humanos_internacional,codigo_brasileiro_de_aeronautica_lei_7565,84,40864,0.000817,success
2026-02-28T01:19:44.813405,constitucional_direitos_humanos_internacional,codigo_de_conduta_para_os_funcionarios_responsaveis_pela_aplicacao_da_lei,5,1859,3.7e-05,success
2026-02-28T01:19:45.382905,constitucional_direitos_humanos_internacional,codigo_de_etica_da_magistratura_nacional,7,3137,6.3e-05,success
2026-02-28T01:19:46.597556,constitucional_direitos_humanos_internacional,comentario_geral_n_04_do_comite_sobre_direitos_das_pessoas_com_deficiencia_e_a_educacao_especial,52,20678,0.000414,success
2026-02-28T01:19:47.040647,constitucional_direitos_humanos_internacional,comentario_geral_n_04_do_comite_sobre_os_direitos_economicos_sociais_e_culturais,13,5040,0.000101,success
2026-02-28T01:19:47.470946,constitucional_direitos_humanos_internacional,comentario_geral_n_07_do_comite_de_direitos_economicos_sociais_e_culturais,11,4276,8.6e-05,success
2026-02-28T01:19:48.554680,constitucional_direitos_humanos_internacional,comentario_geral_n_12_do_comite_sobre_direitos_economicos_sociais_e_culturais,18,7245,0.000145,success
2026-02-28T01:19:49.981651,constitucional_direitos_humanos_internacional,comentario_geral_n_14_do_comite_sobre_direitos_economicos_sociais_e_culturais,41,15212,0.000304,success
2026-02-28T01:19:50.590891,constitucional_direitos_humanos_internacional,comissao_especial_sobre_mortos_e_desaparecidos_politicos_lei_9140,5,2172,4.3e-05,success
2026-02-28T01:19:51.182478,constitucional_direitos_humanos_internacional,comissao_nacional_da_verdade_no_ambito_da_casa_civil_da_presidencia_da_republica_lei_12528,5,2270,4.5e-05,success
2026-02-28T01:19:52.271017,constitucional_direitos_humanos_internacional,constituicao_da_oit_e_declaracao_de_filadelfia,29,12914,0.000258,success
2026-02-28T01:19:53.118763,constitucional_direitos_humanos_internacional,convencao_100_da_oit,6,2575,5.1e-05,success
2026-02-28T01:19:53.701464,constitucional_direitos_humanos_internacional,convencao_105_da_oit,4,1631,3.3e-05,success
2026-02-28T01:19:54.487260,constitucional_direitos_humanos_internacional,convencao_107_da_oit,12,5662,0.000113,success
2026-02-28T01:19:55.285931,constitucional_direitos_humanos_internacional,convencao_111_da_oit,6,2561,5.1e-05,success
2026-02-28T01:19:56.093165,constitucional_direitos_humanos_internacional,convencao_132_da_oit,9,4107,8.2e-05,success
2026-02-28T01:19:56.872372,constitucional_direitos_humanos_internacional,convencao_136_da_oit,7,2971,5.9e-05,success
2026-02-28T01:19:57.664205,constitucional_direitos_humanos_internacional,convencao_137_da_oit,6,2639,5.3e-05,success
2026-02-28T01:19:58.577434,constitucional_direitos_humanos_internacional,convencao_138_da_oit,18,8110,0.000162,success
2026-02-28T01:19:59.313596,constitucional_direitos_humanos_internacional,convencao_141_da_oit,7,3221,6.4e-05,success
2026-02-28T01:20:00.206973,constitucional_direitos_humanos_internacional,convencao_151_da_oit,10,4311,8.6e-05,success
2026-02-28T01:20:00.791575,constitucional_direitos_humanos_internacional,convencao_154_da_oit,6,2567,5.1e-05,success
2026-02-28T01:20:01.621372,constitucional_direitos_humanos_internacional,convencao_155_da_oit,12,5501,0.00011,success
2026-02-28T01:20:02.444361,constitucional_direitos_humanos_internacional,convencao_158_da_oit,10,4802,9.6e-05,success
2026-02-28T01:20:03.113133,constitucional_direitos_humanos_internacional,convencao_161_da_oit,8,3675,7.3e-05,success
2026-02-28T01:20:04.132617,constitucional_direitos_humanos_internacional,convencao_167_da_oit,15,7347,0.000147,success
2026-02-28T01:20:05.252147,constitucional_direitos_humanos_internacional,convencao_169_da_oit,17,8133,0.000163,success
2026-02-28T01:20:05.700031,constitucional_direitos_humanos_internacional,convencao_182_da_oit,7,3360,6.7e-05,success
2026-02-28T01:20:06.664735,constitucional_direitos_humanos_internacional,convencao_189_da_oit,13,5668,0.000113,success
2026-02-28T01:20:07.361642,constitucional_direitos_humanos_internacional,convencao_29_da_oit,16,7111,0.000142,success
2026-02-28T01:20:08.323909,constitucional_direitos_humanos_internacional,convencao_87_da_oit,7,3312,6.6e-05,success
2026-02-28T01:20:09.372834,constitucional_direitos_humanos_internacional,convencao_88_da_oit,9,4169,8.3e-05,success
2026-02-28T01:20:10.219780,constitucional_direitos_humanos_internacional,convencao_97_da_oit,21,9538,0.000191,success
2026-02-28T01:20:10.793333,constitucional_direitos_humanos_internacional,convencao_98_da_oit,5,2003,4e-05,success
2026-02-28T01:20:12.559956,constitucional_direitos_humanos_internacional,convencao_americana_de_direitos_humanos_pacto_de_sao_jose_da_costa_rica,38,17665,0.000353,success
2026-02-28T01:20:13.306401,constitucional_direitos_humanos_internacional,convencao_contra_a_tortura_e_outros_tratamentos_ou_penas_crueis_desumanos_ou_degradantes,21,9223,0.000184,success
2026-02-28T01:20:13.762935,constitucional_direitos_humanos_internacional,convencao_da_haia_sobre_acesso_internacional_a_justica,14,6590,0.000132,success
2026-02-28T01:20:14.977456,constitucional_direitos_humanos_internacional,convencao_das_nacoes_unidas_contra_a_corrupcao_convencao_de_merida_dec_5687,71,32814,0.000656,success
2026-02-28T01:20:15.991587,constitucional_direitos_humanos_internacional,convencao_das_nacoes_unidas_contra_o_crime_organizado_transnacional,48,22031,0.000441,success
2026-02-28T01:20:17.019993,constitucional_direitos_humanos_internacional,convencao_das_nacoes_unidas_sobre_imunidades_jurisdicionais_dos_estados_e_de_sua_propriedade,18,8316,0.000166,success
2026-02-28T01:20:20.835057,constitucional_direitos_humanos_internacional,convencao_das_nacoes_unidas_sobre_o_direito_do_mar,264,120967,0.002419,success
2026-02-28T01:20:21.977940,constitucional_direitos_humanos_internacional,convencao_de_auxilio_judiciario_em_materia_penal_entre_os_estados_membros_da_comunidade_dos_paises_de_lingua_portuguesa,13,6087,0.000122,success
2026-02-28T01:20:22.481084,constitucional_direitos_humanos_internacional,convencao_de_montevideu_sobre_direitos_e_deveres_dos_estados,11,5663,0.000113,success
2026-02-28T01:20:23.093565,constitucional_direitos_humanos_internacional,convencao_de_nova_york_sobre_prestacao_de_alimentos_no_estrangeiro_1956,10,4440,8.9e-05,success
2026-02-28T01:20:25.945995,constitucional_direitos_humanos_internacional,convencao_de_paris_de_1993,205,94961,0.001899,success
2026-02-28T01:20:26.836746,constitucional_direitos_humanos_internacional,convencao_de_viena_sobre_o_direito_dos_tratados,35,16803,0.000336,success
2026-02-28T01:20:27.458491,constitucional_direitos_humanos_internacional,convencao_de_viena_sobre_relacoes_consulares,36,16962,0.000339,success
2026-02-28T01:20:28.578409,constitucional_direitos_humanos_internacional,convencao_de_viena_sobre_relacoes_diplomaticas_1961,19,8824,0.000176,success
2026-02-28T01:20:29.512559,constitucional_direitos_humanos_internacional,convencao_de_viena_sobre_sucessao_de_estados_em_materia_de_tratados,31,14396,0.000288,success
2026-02-28T01:20:30.013596,constitucional_direitos_humanos_internacional,convencao_europeia_de_direitos_humanos,18,8806,0.000176,success
2026-02-28T01:20:30.869797,constitucional_direitos_humanos_internacional,convencao_int_protecao_de_todas_as_pessoas_contra_o_desaparec_forcado,25,11792,0.000236,success
2026-02-28T01:20:31.417333,constitucional_direitos_humanos_internacional,convencao_interamericana_contra_a_corrupcao,14,6471,0.000129,success
2026-02-28T01:20:31.954011,constitucional_direitos_humanos_internacional,convencao_interamericana_contra_o_racismo_a_discriminacao_racial_e_formas_correlatas_de_intolerancia,15,6475,0.00013,success
2026-02-28T01:20:32.776679,constitucional_direitos_humanos_internacional,convencao_interamericana_contra_o_terrorismo,12,4971,9.9e-05,success
2026-02-28T01:20:34.017673,constitucional_direitos_humanos_internacional,convencao_interamericana_para_a_eliminacao_de_todas_as_formas_de_discriminacao_contra_as_pessoas_portadoras_de_deficiencia,8,3799,7.6e-05,success
2026-02-28T01:20:34.648999,constitucional_direitos_humanos_internacional,convencao_interamericana_para_prevenir_e_punir_a_tortura,7,3325,6.7e-05,success
2026-02-28T01:20:35.592356,constitucional_direitos_humanos_internacional,convencao_interamericana_para_prevenir_punir_e_erradicar_a_violencia_contra_a_mulher_convencao_de_belem_do_para,10,4467,8.9e-05,success
2026-02-28T01:20:36.014454,constitucional_direitos_humanos_internacional,convencao_interamericana_sobre_cartas_rogatorias,6,2795,5.6e-05,success
2026-02-28T01:20:36.527080,constitucional_direitos_humanos_internacional,convencao_interamericana_sobre_normas_gerais_de_direito_internacional_privado,4,1997,4e-05,success
2026-02-28T01:20:37.474084,constitucional_direitos_humanos_internacional,convencao_interamericana_sobre_o_cumprimento_de_sentencas_penais_no_exterior,8,3679,7.4e-05,success
2026-02-28T01:20:38.354707,constitucional_direitos_humanos_internacional,convencao_interamericana_sobre_o_desaparecimento_forcado_de_pessoas,8,3354,6.7e-05,success
2026-02-28T01:20:39.254596,constitucional_direitos_humanos_internacional,convencao_interamericana_sobre_obrigacao_alimentar,9,4173,8.3e-05,success
2026-02-28T01:20:39.602946,constitucional_direitos_humanos_internacional,convencao_interamericana_sobre_person_e_capac_pessoas_juridicas_no_dipriv,4,1761,3.5e-05,success
2026-02-28T01:20:41.153434,constitucional_direitos_humanos_internacional,convencao_internac_sobre_os_dir_das_pessoas_com_deficiencia_e_seu_protocolo_facult_dec_6949,46,21188,0.000424,success
2026-02-28T01:20:42.167248,constitucional_direitos_humanos_internacional,convencao_internacional_sobre_a_eliminacao_de_todas_as_formas_de_discriminacao_racial,18,8360,0.000167,success
2026-02-28T01:20:43.307877,constitucional_direitos_humanos_internacional,convencao_internacional_sobre_a_protecao_dos_dir_de_todos_os_trabalhadores_migrantes_e_dos_membros_das_suas_familias,51,23614,0.000472,success
2026-02-28T01:20:44.500770,constitucional_direitos_humanos_internacional,convencao_multilateral_sobre_assistencia_administrativa_mutua_em_assuntos_fiscais,25,11264,0.000225,success
2026-02-28T01:20:45.020987,constitucional_direitos_humanos_internacional,convencao_para_a_prevencao_e_a_repressao_do_crime_de_genocidio,10,4739,9.5e-05,success
2026-02-28T01:20:45.866629,constitucional_direitos_humanos_internacional,convencao_para_a_reducao_dos_casos_de_apatridia_de_1961,12,5310,0.000106,success
2026-02-28T01:20:46.666074,constitucional_direitos_humanos_internacional,convencao_relativa_ao_estatuto_dos_refugiados_1961,21,9723,0.000194,success
2026-02-28T01:20:47.132336,constitucional_direitos_humanos_internacional,convencao_relativa_as_infracoes_e_a_certos_outros_atos_cometidos_a_bordo_de_aeronaves,11,4858,9.7e-05,success
2026-02-28T01:20:48.848735,constitucional_direitos_humanos_internacional,convencao_sobre_a_cobranca_intern_de_alimentos_para_criancas_e_outros_membros_da_familia_e_o_protocolo_sobre_a_lei_aplicavel_as_obrigacoes_de_prestar_alimentos,50,23823,0.000476,success
2026-02-28T01:20:49.615048,constitucional_direitos_humanos_internacional,convencao_sobre_a_eliminacao_da_exigencia_de_legalizacao_de_documentos_publicos_estrangeiros,7,3071,6.1e-05,success
2026-02-28T01:20:50.600774,constitucional_direitos_humanos_internacional,convencao_sobre_a_eliminacao_de_todas_as_formas_de_discriminacao_contra_a_mulher,18,8265,0.000165,success
2026-02-28T01:20:51.385706,constitucional_direitos_humanos_internacional,convencao_sobre_a_escravatura_de_1926,6,2278,4.6e-05,success
2026-02-28T01:20:52.487828,constitucional_direitos_humanos_internacional,convencao_sobre_a_protecao_e_promocao_da_diversidade_das_expressoes_culturais,24,11387,0.000228,success
2026-02-28T01:20:52.939499,constitucional_direitos_humanos_internacional,convencao_sobre_asilo_diplomatico,6,2894,5.8e-05,success
2026-02-28T01:20:53.419523,constitucional_direitos_humanos_internacional,convencao_sobre_asilo_territorial,5,2191,4.4e-05,success
2026-02-28T01:20:54.816659,constitucional_direitos_humanos_internacional,convencao_sobre_aviacao_civil_internacional_convencao_de_chicago_de_1944,35,15983,0.00032,success
2026-02-28T01:20:55.808235,constitucional_direitos_humanos_internacional,convencao_sobre_o_controle_de_movimentos_transfronteiricos_de_residuos_perigosos_e_seu_deposito_convencao_da_basileia,48,21837,0.000437,success
2026-02-28T01:20:56.637944,constitucional_direitos_humanos_internacional,convencao_sobre_o_crime_cibernetico_convencao_de_budapeste,37,17100,0.000342,success
2026-02-28T01:20:57.238580,constitucional_direitos_humanos_internacional,convencao_sobre_o_estatuto_dos_apatridas,21,10061,0.000201,success
2026-02-28T01:20:57.664211,constitucional_direitos_humanos_internacional,convencao_sobre_o_reconhecimento_e_a_execucao_de_sentencas_arbitrais_estrangeiras,8,3352,6.7e-05,success
2026-02-28T01:20:58.423474,constitucional_direitos_humanos_internacional,convencao_sobre_prevencao_da_poluicao_marinha_por_alijamento_de_residuos_e_outras_materias,18,7956,0.000159,success
2026-02-28T01:20:59.190235,constitucional_direitos_humanos_internacional,convencao_sobre_privilegios_e_imunidades_das_agencias_especializadas_das_nacoes_unidas,16,7185,0.000144,success
2026-02-28T01:20:59.710703,constitucional_direitos_humanos_internacional,convencao_sobre_responsabilidade_internacional_por_danos_causados_por_objetos_espaciais,11,4918,9.8e-05,success
2026-02-28T01:21:00.543115,constitucional_direitos_humanos_internacional,convencoes_concluidas_em_genebra_a_12_de_agosto_de_1949_destinadas_a_proteger_as_vitimas_da_guerra,29,12779,0.000256,success
2026-02-28T01:21:01.287072,constitucional_direitos_humanos_internacional,cpi_lei_1579,3,1171,2.3e-05,success
2026-02-28T01:21:02.397496,constitucional_direitos_humanos_internacional,criacao_de_novos_municipios_lc_01,4,1823,3.6e-05,success
2026-02-28T01:21:03.221725,constitucional_direitos_humanos_internacional,cumprimento_de_sancoes_impostas_por_resolucoes_pela_onu_lei_13810,11,5027,0.000101,success
2026-02-28T01:21:04.012812,constitucional_direitos_humanos_internacional,declaracao_americana_dos_direitos_e_deveres_do_homem,7,2967,5.9e-05,success
2026-02-28T01:21:04.825620,constitucional_direitos_humanos_internacional,declaracao_da_oit_sobre_os_principios_e_direitos_fundamentais_do_trabalho,7,3000,6e-05,success
2026-02-28T01:21:05.783283,constitucional_direitos_humanos_internacional,declaracao_das_nacoes_unidas_sobre_os_direitos_dos_povos_indigenas,16,7217,0.000144,success
2026-02-28T01:21:06.163591,constitucional_direitos_humanos_internacional,declaracao_de_direitos_do_homem_e_do_cidadao_1789,3,1256,2.5e-05,success
2026-02-28T01:21:06.942182,constitucional_direitos_humanos_internacional,declaracao_de_pequim,8,3092,6.2e-05,success
2026-02-28T01:21:07.579186,constitucional_direitos_humanos_internacional,declaracao_dos_direitos_do_povo_trabalhador_e_explorado_de_1918,3,1278,2.6e-05,success
2026-02-28T01:21:08.395447,constitucional_direitos_humanos_internacional,declaracao_dos_principios_basicos_de_justica_relativos_as_vitimas_da_criminalidade_e_de_abuso_de_poder,8,3597,7.2e-05,success
2026-02-28T01:21:09.976204,constitucional_direitos_humanos_internacional,declaracao_e_programa_de_acao_de_viena_de_1993,54,23251,0.000465,success
2026-02-28T01:21:11.459287,constitucional_direitos_humanos_internacional,declaracao_mundial_sobre_educacao_para_todos_conferencia_de_jomtien_1990,50,19828,0.000397,success
2026-02-28T01:21:11.878784,constitucional_direitos_humanos_internacional,declaracao_sobre_o_direito_ao_desenvolvimento,6,2924,5.8e-05,success
2026-02-28T01:21:12.354922,constitucional_direitos_humanos_internacional,declaracao_sobre_o_direito_e_a_responsabilidade_dos_individuos_grupos_ou_orgaos_da_sociedade_de_promover_e_proteger_os_direitos_humanos_e_liberdades_fundamentais,11,4700,9.4e-05,success
2026-02-28T01:21:12.841044,constitucional_direitos_humanos_internacional,declaracao_sociolaboral_do_mercosul_2015,10,4690,9.4e-05,success
2026-02-28T01:21:13.258559,constitucional_direitos_humanos_internacional,declaracao_universal_do_genoma_humano_de_1997,7,2954,5.9e-05,success
2026-02-28T01:21:14.401189,constitucional_direitos_humanos_internacional,declaracao_universal_dos_direitos_humanos_de_1948,8,3731,7.5e-05,success
2026-02-28T01:21:18.910451,constitucional_direitos_humanos_internacional,declaracoes_e_resolucoes_da_oea_quinquagesimo_periodo_ordinario_de_sessoes_2020,288,126444,0.002529,success
2026-02-28T01:21:20.026056,constitucional_direitos_humanos_internacional,decreto_que_promulga_o_tratado_de_marraqueche_dec_9522_de_2018,18,7971,0.000159,success
2026-02-28T01:21:20.684477,constitucional_direitos_humanos_internacional,define_mecanismos_para_implementacao_do_estatuto_dos_refugiados_de_1951_lei_9474,10,4846,9.7e-05,success
2026-02-28T01:21:21.100434,constitucional_direitos_humanos_internacional,direito_de_resposta_lei_13188,6,2507,5e-05,success
2026-02-28T01:21:22.008188,constitucional_direitos_humanos_internacional,diretrizes_nacionais_de_promocao_e_defesa_dos_direitos_humanos_dos_profissionais_de_seguranca_publica_portaria_interministerial_02_de_2010,8,3850,7.7e-05,success
2026-02-28T01:21:22.378689,constitucional_direitos_humanos_internacional,dispoe_em_carater_transitorio_sobre_competencia_acrescida_ao_stj_pela_ec_45_resolucao_do_stj_n_09_de_2005,3,1433,2.9e-05,success
2026-02-28T01:21:23.829944,constitucional_direitos_humanos_internacional,dispoe_sobre_a_certificacao_das_entidades_beneficentes_de_assistencia_social_lei_12101,29,13789,0.000276,success
2026-02-28T01:21:24.205523,constitucional_direitos_humanos_internacional,dispoe_sobre_a_organizacao_e_o_funcionamento_do_conselho_de_defesa_nacional_lei_8183,3,1239,2.5e-05,success
2026-02-28T01:21:24.882142,constitucional_direitos_humanos_internacional,dispoe_sobre_a_proposicao_e_a_execucao_de_emendas_parlamentares_na_lei_orcamentaria_anual_lc_210,11,4765,9.5e-05,success
2026-02-28T01:21:26.479596,constitucional_direitos_humanos_internacional,dispoe_sobre_honorarios_advocaticios_de_sucumbencia_das_causas_em_que_forem_parte_a_uniao_suas_autarquias_e_fundacoes_lei_13327,35,16858,0.000337,success
2026-02-28T01:21:27.080380,constitucional_direitos_humanos_internacional,emenda_constittucional_106,5,1896,3.8e-05,success
2026-02-28T01:21:28.028118,constitucional_direitos_humanos_internacional,emenda_constittucional_109,15,7046,0.000141,success
2026-02-28T01:21:29.987847,constitucional_direitos_humanos_internacional,emenda_constitucional_103,46,20874,0.000417,success
2026-02-28T01:21:30.328052,constitucional_direitos_humanos_internacional,emenda_constitucional_111,3,1037,2.1e-05,success
2026-02-28T01:21:30.709736,constitucional_direitos_humanos_internacional,emenda_constitucional_113,9,3953,7.9e-05,success
2026-02-28T01:21:31.417078,constitucional_direitos_humanos_internacional,emenda_constitucional_114,7,2943,5.9e-05,success
2026-02-28T01:21:31.717202,constitucional_direitos_humanos_internacional,emenda_constitucional_117,2,595,1.2e-05,success
2026-02-28T01:21:32.437184,constitucional_direitos_humanos_internacional,emenda_constitucional_123,9,3933,7.9e-05,success
2026-02-28T01:21:32.955986,constitucional_direitos_humanos_internacional,emenda_constitucional_126,7,3269,6.5e-05,success
2026-02-28T01:21:33.305964,constitucional_direitos_humanos_internacional,emenda_constitucional_127,3,1370,2.7e-05,success
2026-02-28T01:21:34.903143,constitucional_direitos_humanos_internacional,emenda_constitucional_132,56,26925,0.000539,success
2026-02-28T01:21:35.446367,constitucional_direitos_humanos_internacional,emenda_constitucional_133,3,1319,2.6e-05,success
2026-02-28T01:21:36.199572,constitucional_direitos_humanos_internacional,emenda_constitucional_136,16,7152,0.000143,success
2026-02-28T01:21:36.816843,constitucional_direitos_humanos_internacional,emenda_constitucional_20,13,5915,0.000118,success
2026-02-28T01:21:37.519487,constitucional_direitos_humanos_internacional,emenda_constitucional_45,19,9201,0.000184,success
2026-02-28T01:21:38.064494,constitucional_direitos_humanos_internacional,emenda_constitucional_97,3,1136,2.3e-05,success
2026-02-28T01:21:38.601201,constitucional_direitos_humanos_internacional,estatuto_da_comissao_interamericana_de_direitos_humanos,9,4079,8.2e-05,success
2026-02-28T01:21:39.179310,constitucional_direitos_humanos_internacional,estatuto_da_corte_interamericana_de_direitos_humanos,11,4947,9.9e-05,success
2026-02-28T01:21:40.092847,constitucional_direitos_humanos_internacional,estatuto_da_corte_internacional_de_justica_1945,16,7697,0.000154,success
2026-02-28T01:21:41.302277,constitucional_direitos_humanos_internacional,estatuto_da_oab_lei_8906,47,22516,0.00045,success
2026-02-28T01:21:43.259887,constitucional_direitos_humanos_internacional,estatuto_de_roma_do_tribunal_penal_internacional_dec_4388,108,51010,0.00102,success
2026-02-28T01:21:43.745944,constitucional_direitos_humanos_internacional,fixa_normas_para_o_cumprimento_do_disposto_nos_arts_98_e_108_paragrafo_primeiro_da_cf_lc_10,2,818,1.6e-05,success
2026-02-28T01:21:45.038104,constitucional_direitos_humanos_internacional,governanca_no_compartilhamento_de_dados_no_ambito_da_administracao_publica_federal_decreto_10046,24,11145,0.000223,success
2026-02-28T01:21:45.351694,constitucional_direitos_humanos_internacional,gratuidade_dos_atos_lei_9265,1,376,8e-06,success
2026-02-28T01:21:45.742997,constitucional_direitos_humanos_internacional,habeas_data_lei_9507,6,2676,5.4e-05,success
2026-02-28T01:21:46.172602,constitucional_direitos_humanos_internacional,indisponibilidade_de_bens_lei_13170,4,1887,3.8e-05,success
2026-02-28T01:21:46.690613,constitucional_direitos_humanos_internacional,institui_a_politica_nacional_de_desenvolvimento_sustentavel_dos_povos_e_comunidades_tradicionais_decreto_6040,7,3025,6.1e-05,success
2026-02-28T01:21:47.319670,constitucional_direitos_humanos_internacional,lei_14046,5,2162,4.3e-05,success
2026-02-28T01:21:47.712669,constitucional_direitos_humanos_internacional,lei_14460,3,1189,2.4e-05,success
2026-02-28T01:21:48.618681,constitucional_direitos_humanos_internacional,lei_aldir_blanc_lei_14017,11,5009,0.0001,success
2026-02-28T01:21:49.052277,constitucional_direitos_humanos_internacional,lei_do_mandado_de_injuncao_individual_e_coletivo_lei_13300,6,2498,5e-05,success
2026-02-28T01:21:49.562092,constitucional_direitos_humanos_internacional,lei_do_salario_educacao_lei_9766,3,1271,2.5e-05,success
2026-02-28T01:21:50.961827,constitucional_direitos_humanos_internacional,lei_geral_de_protecao_de_dados_pessoais_lei_13709,48,22629,0.000453,success
2026-02-28T01:21:52.698232,constitucional_direitos_humanos_internacional,lei_geral_do_esporte_lei_14597,86,40902,0.000818,success
2026-02-28T01:21:53.984066,constitucional_direitos_humanos_internacional,lei_organica_da_assistencia_social_lei_8742_de_1993,39,18301,0.000366,success
2026-02-28T01:21:55.297214,constitucional_direitos_humanos_internacional,lei_organica_da_magistratura_nacional_lc_35,43,20550,0.000411,success
2026-02-28T01:21:56.254717,constitucional_direitos_humanos_internacional,lei_organica_nacional_das_policias_civis_lei_14735,23,10989,0.00022,success
2026-02-28T01:21:57.185453,constitucional_direitos_humanos_internacional,lei_organica_nacional_das_policias_militares_e_dos_corpos_de_bombeiros_militares_dos_estados_do_distrito_federal_e_dos_territorios_lei_14751,35,16160,0.000323,success
2026-02-28T01:21:57.716479,constitucional_direitos_humanos_internacional,mar_territorial_zona_contigua_zona_economica_exclusiva_e_plataforma_continental_lei_8617,4,1796,3.6e-05,success
2026-02-28T01:21:59.198128,constitucional_direitos_humanos_internacional,nova_lei_de_migracao_lei_13445,38,18468,0.000369,success
2026-02-28T01:22:00.423753,constitucional_direitos_humanos_internacional,pacto_internacional_sobre_direitos_civis_e_politicos,27,12470,0.000249,success
2026-02-28T01:22:01.055531,constitucional_direitos_humanos_internacional,pacto_internacional_sobre_direitos_economicos_sociais_e_culturais,15,6807,0.000136,success
2026-02-28T01:22:01.881002,constitucional_direitos_humanos_internacional,pesquisa_com_seres_humanos_lei_14874,35,16623,0.000332,success
2026-02-28T01:22:02.257963,constitucional_direitos_humanos_internacional,politica_nacional_de_arquivos_publicos_e_privados_lei_8159,5,2216,4.4e-05,success
2026-02-28T01:22:02.661373,constitucional_direitos_humanos_internacional,politica_nacional_de_desenvolvimento_sustentavel_dos_povos_e_comunidades_tradicionais_decreto_6040,7,3015,6e-05,success
2026-02-28T01:22:03.499686,constitucional_direitos_humanos_internacional,processo_discriminatorio_das_terras_devolutas_da_uniao_lei_6383,9,4156,8.3e-05,success
2026-02-28T01:22:04.058627,constitucional_direitos_humanos_internacional,programa_federal_de_acoes_afirmativas_decreto_11785,8,3504,7e-05,success
2026-02-28T01:22:05.972391,constitucional_direitos_humanos_internacional,programa_nacional_de_direitos_humanos_pndh_3_dec_7037,122,58029,0.001161,success
2026-02-28T01:22:06.510440,constitucional_direitos_humanos_internacional,projeto_da_comissao_de_direito_internacional_da_onu_sobre_responsabilidade_internacional_dos_estados,14,6466,0.000129,success
2026-02-28T01:22:07.030552,constitucional_direitos_humanos_internacional,promulga_o_acordo_de_sede_entre_o_governo_da_republica_federativa_do_brasil_e_o_comite_internacional_da_cruz_vermelha,4,1900,3.8e-05,success
2026-02-28T01:22:07.578209,constitucional_direitos_humanos_internacional,promulga_o_acordo_entre_o_gov_da_rep_fed_do_brasil_e_a_santa_se_relativo_ao_estatuto_juridico_da_igreja_catolica_no_brasil_dec_7107,8,3323,6.6e-05,success
2026-02-28T01:22:08.287136,constitucional_direitos_humanos_internacional,protocolo_adicional_a_conv_da_onu_contra_o_crime_organizado_transnacional_relativo_a_prev_repressao_e_punicao_do_trafico_de_pessoas_em_especial_mulheres,14,6577,0.000132,success
2026-02-28T01:22:08.701908,constitucional_direitos_humanos_internacional,protocolo_adicional_a_convencao_americana_sobre_direitos_humanos_referente_a_abolicao_da_pena_de_morte_dec_2754,3,1210,2.4e-05,success
2026-02-28T01:22:09.186747,constitucional_direitos_humanos_internacional,protocolo_de_assuncao_sobre_compromisso_com_a_promocao_e_a_protecao_dos_direitos_humanos_do_mercosul,4,1921,3.8e-05,success
2026-02-28T01:22:09.854719,constitucional_direitos_humanos_internacional,protocolo_de_colonia_para_a_promocao_e_a_protecao_reciproca_de_investimentos_no_mercosul,10,4469,8.9e-05,success
2026-02-28T01:22:10.501094,constitucional_direitos_humanos_internacional,protocolo_de_cooperacao_e_assistencia_jurisdicional_em_materia_civil_comercial_trabalhista_e_administrativa_do_mercosul,11,5031,0.000101,success
2026-02-28T01:22:11.070356,constitucional_direitos_humanos_internacional,protocolo_de_las_lenas,11,5069,0.000101,success
2026-02-28T01:22:11.754407,constitucional_direitos_humanos_internacional,protocolo_de_medidas_cautelares_concluido_em_ouro_preto,7,3171,6.3e-05,success
2026-02-28T01:22:12.682815,constitucional_direitos_humanos_internacional,protocolo_de_olivos_para_a_solucao_de_controversias_no_mercosul,23,10762,0.000215,success
2026-02-28T01:22:13.639355,constitucional_direitos_humanos_internacional,protocolo_de_ouro_preto_mercosul,15,7270,0.000145,success
2026-02-28T01:22:14.539529,constitucional_direitos_humanos_internacional,protocolo_de_san_salvador,14,6380,0.000128,success
2026-02-28T01:22:15.268248,constitucional_direitos_humanos_internacional,protocolo_facultativo_a_convencao_contra_a_tortura_e_outros_tratamentos_ou_penas_crueis_desumanos_ou_degradantes,18,7933,0.000159,success
